Username,Password
1,1
10026,abc@123
10027,abc@124
10028,abc@125
10029,abc@126
10030,abc@127
10031,abc@128
10003,abc@129
10005,abc@130
10006,abc@131
10032,abc@132
10011,abc@133
10007,abc@134
10008,abc@135
10013,abc@136
10012,abc@137
10009,abc@138
10010,abc@139
10014,abc@140
10015,abc@141
10016,abc@142
10017,abc@143
10018,abc@144
10019,abc@145
10020,abc@146
10021,abc@147
10022,abc@148
10023,abc@149
10024,abc@150
10025,abc@151
10033,abc@152
10034,abc@153
10035,abc@154
11111,abc@155
11112,abc@156
10000,abc@157